Time Series Search Export,Search term,Search filters,,Last update of Credit-to-GDP gaps data,Downloaded at,Source,Source URL,Download URL,About Credit-to-GDP gaps
,,,,2024-09-16,2024-10-12 23:26 CEST,BIS,"https:/data.bis.org/topics/CREDIT_GAPS/BIS,WS_CREDIT_GAP,1.0/Q.CA.P.A.A?","https:/data.bis.org/topics/CREDIT_GAPS/BIS,WS_CREDIT_GAP,1.0/Q.CA.P.A.A?&file_format=csv&format=long&split_frequencies=false&transposed=false&include=code%2Clabel",https://data.bis.org/topics/CREDIT_GAPS

DATAFLOW_ID:Dataflow ID,KEY:Timeseries Key,FREQ:Frequency,BORROWERS_CTY:Borrowers' country,TC_BORROWERS:Borrowing sector,TC_LENDERS:Lending sector,CG_DTYPE:Credit gap data type,Unit,Unit multiplier,TIME_PERIOD:Period,OBS_CONF:Confidentiality,OBS_PRE_BREAK:Pre-break value,OBS_STATUS:Status,OBS_VALUE:Value
"BIS,WS_CREDIT_GAP,1.0",Q.CA.P.A.A,Q:Quarterly,CA:Canada,P:Private non-financial sector,A:All sectors,A:Credit-to-GDP ratios (actual data),Percentage of GDP,Units,1955-12-31,F:Free,,A:Normal value,76.0
"BIS,WS_CREDIT_GAP,1.0",Q.CA.P.A.A,Q:Quarterly,CA:Canada,P:Private non-financial sector,A:All sectors,A:Credit-to-GDP ratios (actual data),Percentage of GDP,Units,1956-03-31,F:Free,,A:Normal value,76.0
"BIS,WS_CREDIT_GAP,1.0",Q.CA.P.A.A,Q:Quarterly,CA:Canada,P:Private non-financial sector,A:All sectors,A:Credit-to-GDP ratios (actual data),Percentage of GDP,Units,1956-06-30,F:Free,,A:Normal value,78.7
"BIS,WS_CREDIT_GAP,1.0",Q.CA.P.A.A,Q:Quarterly,CA:Canada,P:Private non-financial sector,A:All sectors,A:Credit-to-GDP ratios (actual data),Percentage of GDP,Units,1956-09-30,F:Free,,A:Normal value,77.1
"BIS,WS_CREDIT_GAP,1.0",Q.CA.P.A.A,Q:Quarterly,CA:Canada,P:Private non-financial sector,A:All sectors,A:Credit-to-GDP ratios (actual data),Percentage of GDP,Units,1956-12-31,F:Free,,A:Normal value,76.4
"BIS,WS_CREDIT_GAP,1.0",Q.CA.P.A.A,Q:Quarterly,CA:Canada,P:Private non-financial sector,A:All sectors,A:Credit-to-GDP ratios (actual data),Percentage of GDP,Units,1957-03-31,F:Free,,A:Normal value,73.6
"BIS,WS_CREDIT_GAP,1.0",Q.CA.P.A.A,Q:Quarterly,CA:Canada,P:Private non-financial sector,A:All sectors,A:Credit-to-GDP ratios (actual data),Percentage of GDP,Units,1957-06-30,F:Free,,A:Normal value,74.0
"BIS,WS_CREDIT_GAP,1.0",Q.CA.P.A.A,Q:Quarterly,CA:Canada,P:Private non-financial sector,A:All sectors,A:Credit-to-GDP ratios (actual data),Percentage of GDP,Units,1957-09-30,F:Free,,A:Normal value,73.3
"BIS,WS_CREDIT_GAP,1.0",Q.CA.P.A.A,Q:Quarterly,CA:Canada,P:Private non-financial sector,A:All sectors,A:Credit-to-GDP ratios (actual data),Percentage of GDP,Units,1957-12-31,F:Free,,A:Normal value,73.8
"BIS,WS_CREDIT_GAP,1.0",Q.CA.P.A.A,Q:Quarterly,CA:Canada,P:Private non-financial sector,A:All sectors,A:Credit-to-GDP ratios (actual data),Percentage of GDP,Units,1958-03-31,F:Free,,A:Normal value,72.4
"BIS,WS_CREDIT_GAP,1.0",Q.CA.P.A.A,Q:Quarterly,CA:Canada,P:Private non-financial sector,A:All sectors,A:Credit-to-GDP ratios (actual data),Percentage of GDP,Units,1958-06-30,F:Free,,A:Normal value,71.2
"BIS,WS_CREDIT_GAP,1.0",Q.CA.P.A.A,Q:Quarterly,CA:Canada,P:Private non-financial sector,A:All sectors,A:Credit-to-GDP ratios (actual data),Percentage of GDP,Units,1958-09-30,F:Free,,A:Normal value,71.1
"BIS,WS_CREDIT_GAP,1.0",Q.CA.P.A.A,Q:Quarterly,CA:Canada,P:Private non-financial sector,A:All sectors,A:Credit-to-GDP ratios (actual data),Percentage of GDP,Units,1958-12-31,F:Free,,A:Normal value,73.2
"BIS,WS_CREDIT_GAP,1.0",Q.CA.P.A.A,Q:Quarterly,CA:Canada,P:Private non-financial sector,A:All sectors,A:Credit-to-GDP ratios (actual data),Percentage of GDP,Units,1959-03-31,F:Free,,A:Normal value,74.4
"BIS,WS_CREDIT_GAP,1.0",Q.CA.P.A.A,Q:Quarterly,CA:Canada,P:Private non-financial sector,A:All sectors,A:Credit-to-GDP ratios (actual data),Percentage of GDP,Units,1959-06-30,F:Free,,A:Normal value,78.3
"BIS,WS_CREDIT_GAP,1.0",Q.CA.P.A.A,Q:Quarterly,CA:Canada,P:Private non-financial sector,A:All sectors,A:Credit-to-GDP ratios (actual data),Percentage of GDP,Units,1959-09-30,F:Free,,A:Normal value,81.7
"BIS,WS_CREDIT_GAP,1.0",Q.CA.P.A.A,Q:Quarterly,CA:Canada,P:Private non-financial sector,A:All sectors,A:Credit-to-GDP ratios (actual data),Percentage of GDP,Units,1959-12-31,F:Free,,A:Normal value,80.0
"BIS,WS_CREDIT_GAP,1.0",Q.CA.P.A.A,Q:Quarterly,CA:Canada,P:Private non-financial sector,A:All sectors,A:Credit-to-GDP ratios (actual data),Percentage of GDP,Units,1960-03-31,F:Free,,A:Normal value,77.0
"BIS,WS_CREDIT_GAP,1.0",Q.CA.P.A.A,Q:Quarterly,CA:Canada,P:Private non-financial sector,A:All sectors,A:Credit-to-GDP ratios (actual data),Percentage of GDP,Units,1960-06-30,F:Free,,A:Normal value,77.8
"BIS,WS_CREDIT_GAP,1.0",Q.CA.P.A.A,Q:Quarterly,CA:Canada,P:Private non-financial sector,A:All sectors,A:Credit-to-GDP ratios (actual data),Percentage of GDP,Units,1960-09-30,F:Free,,A:Normal value,76.9
"BIS,WS_CREDIT_GAP,1.0",Q.CA.P.A.A,Q:Quarterly,CA:Canada,P:Private non-financial sector,A:All sectors,A:Credit-to-GDP ratios (actual data),Percentage of GDP,Units,1960-12-31,F:Free,,A:Normal value,78.8
"BIS,WS_CREDIT_GAP,1.0",Q.CA.P.A.A,Q:Quarterly,CA:Canada,P:Private non-financial sector,A:All sectors,A:Credit-to-GDP ratios (actual data),Percentage of GDP,Units,1961-03-31,F:Free,,A:Normal value,76.7
"BIS,WS_CREDIT_GAP,1.0",Q.CA.P.A.A,Q:Quarterly,CA:Canada,P:Private non-financial sector,A:All sectors,A:Credit-to-GDP ratios (actual data),Percentage of GDP,Units,1961-06-30,F:Free,,A:Normal value,77.4
"BIS,WS_CREDIT_GAP,1.0",Q.CA.P.A.A,Q:Quarterly,CA:Canada,P:Private non-financial sector,A:All sectors,A:Credit-to-GDP ratios (actual data),Percentage of GDP,Units,1961-09-30,F:Free,,A:Normal value,77.8
"BIS,WS_CREDIT_GAP,1.0",Q.CA.P.A.A,Q:Quarterly,CA:Canada,P:Private non-financial sector,A:All sectors,A:Credit-to-GDP ratios (actual data),Percentage of GDP,Units,1961-12-31,F:Free,,A:Normal value,79.6
"BIS,WS_CREDIT_GAP,1.0",Q.CA.P.A.A,Q:Quarterly,CA:Canada,P:Private non-financial sector,A:All sectors,A:Credit-to-GDP ratios (actual data),Percentage of GDP,Units,1962-03-31,F:Free,,A:Normal value,78.1
"BIS,WS_CREDIT_GAP,1.0",Q.CA.P.A.A,Q:Quarterly,CA:Canada,P:Private non-financial sector,A:All sectors,A:Credit-to-GDP ratios (actual data),Percentage of GDP,Units,1962-06-30,F:Free,,A:Normal value,82.3
"BIS,WS_CREDIT_GAP,1.0",Q.CA.P.A.A,Q:Quarterly,CA:Canada,P:Private non-financial sector,A:All sectors,A:Credit-to-GDP ratios (actual data),Percentage of GDP,Units,1962-09-30,F:Free,,A:Normal value,83.1
"BIS,WS_CREDIT_GAP,1.0",Q.CA.P.A.A,Q:Quarterly,CA:Canada,P:Private non-financial sector,A:All sectors,A:Credit-to-GDP ratios (actual data),Percentage of GDP,Units,1962-12-31,F:Free,,A:Normal value,80.4
"BIS,WS_CREDIT_GAP,1.0",Q.CA.P.A.A,Q:Quarterly,CA:Canada,P:Private non-financial sector,A:All sectors,A:Credit-to-GDP ratios (actual data),Percentage of GDP,Units,1963-03-31,F:Free,,A:Normal value,77.4
"BIS,WS_CREDIT_GAP,1.0",Q.CA.P.A.A,Q:Quarterly,CA:Canada,P:Private non-financial sector,A:All sectors,A:Credit-to-GDP ratios (actual data),Percentage of GDP,Units,1963-06-30,F:Free,,A:Normal value,78.3
"BIS,WS_CREDIT_GAP,1.0",Q.CA.P.A.A,Q:Quarterly,CA:Canada,P:Private non-financial sector,A:All sectors,A:Credit-to-GDP ratios (actual data),Percentage of GDP,Units,1963-09-30,F:Free,,A:Normal value,77.5
"BIS,WS_CREDIT_GAP,1.0",Q.CA.P.A.A,Q:Quarterly,CA:Canada,P:Private non-financial sector,A:All sectors,A:Credit-to-GDP ratios (actual data),Percentage of GDP,Units,1963-12-31,F:Free,,A:Normal value,78.5
"BIS,WS_CREDIT_GAP,1.0",Q.CA.P.A.A,Q:Quarterly,CA:Canada,P:Private non-financial sector,A:All sectors,A:Credit-to-GDP ratios (actual data),Percentage of GDP,Units,1964-03-31,F:Free,,A:Normal value,77.1
"BIS,WS_CREDIT_GAP,1.0",Q.CA.P.A.A,Q:Quarterly,CA:Canada,P:Private non-financial sector,A:All sectors,A:Credit-to-GDP ratios (actual data),Percentage of GDP,Units,1964-06-30,F:Free,,A:Normal value,79.4
"BIS,WS_CREDIT_GAP,1.0",Q.CA.P.A.A,Q:Quarterly,CA:Canada,P:Private non-financial sector,A:All sectors,A:Credit-to-GDP ratios (actual data),Percentage of GDP,Units,1964-09-30,F:Free,,A:Normal value,79.0
"BIS,WS_CREDIT_GAP,1.0",Q.CA.P.A.A,Q:Quarterly,CA:Canada,P:Private non-financial sector,A:All sectors,A:Credit-to-GDP ratios (actual data),Percentage of GDP,Units,1964-12-31,F:Free,,A:Normal value,80.1
"BIS,WS_CREDIT_GAP,1.0",Q.CA.P.A.A,Q:Quarterly,CA:Canada,P:Private non-financial sector,A:All sectors,A:Credit-to-GDP ratios (actual data),Percentage of GDP,Units,1965-03-31,F:Free,,A:Normal value,79.5
"BIS,WS_CREDIT_GAP,1.0",Q.CA.P.A.A,Q:Quarterly,CA:Canada,P:Private non-financial sector,A:All sectors,A:Credit-to-GDP ratios (actual data),Percentage of GDP,Units,1965-06-30,F:Free,,A:Normal value,83.0
"BIS,WS_CREDIT_GAP,1.0",Q.CA.P.A.A,Q:Quarterly,CA:Canada,P:Private non-financial sector,A:All sectors,A:Credit-to-GDP ratios (actual data),Percentage of GDP,Units,1965-09-30,F:Free,,A:Normal value,84.4
"BIS,WS_CREDIT_GAP,1.0",Q.CA.P.A.A,Q:Quarterly,CA:Canada,P:Private non-financial sector,A:All sectors,A:Credit-to-GDP ratios (actual data),Percentage of GDP,Units,1965-12-31,F:Free,,A:Normal value,86.0
"BIS,WS_CREDIT_GAP,1.0",Q.CA.P.A.A,Q:Quarterly,CA:Canada,P:Private non-financial sector,A:All sectors,A:Credit-to-GDP ratios (actual data),Percentage of GDP,Units,1966-03-31,F:Free,,A:Normal value,82.6
"BIS,WS_CREDIT_GAP,1.0",Q.CA.P.A.A,Q:Quarterly,CA:Canada,P:Private non-financial sector,A:All sectors,A:Credit-to-GDP ratios (actual data),Percentage of GDP,Units,1966-06-30,F:Free,,A:Normal value,82.7
"BIS,WS_CREDIT_GAP,1.0",Q.CA.P.A.A,Q:Quarterly,CA:Canada,P:Private non-financial sector,A:All sectors,A:Credit-to-GDP ratios (actual data),Percentage of GDP,Units,1966-09-30,F:Free,,A:Normal value,81.4
"BIS,WS_CREDIT_GAP,1.0",Q.CA.P.A.A,Q:Quarterly,CA:Canada,P:Private non-financial sector,A:All sectors,A:Credit-to-GDP ratios (actual data),Percentage of GDP,Units,1966-12-31,F:Free,,A:Normal value,81.3
"BIS,WS_CREDIT_GAP,1.0",Q.CA.P.A.A,Q:Quarterly,CA:Canada,P:Private non-financial sector,A:All sectors,A:Credit-to-GDP ratios (actual data),Percentage of GDP,Units,1967-03-31,F:Free,,A:Normal value,81.2
"BIS,WS_CREDIT_GAP,1.0",Q.CA.P.A.A,Q:Quarterly,CA:Canada,P:Private non-financial sector,A:All sectors,A:Credit-to-GDP ratios (actual data),Percentage of GDP,Units,1967-06-30,F:Free,,A:Normal value,81.2
"BIS,WS_CREDIT_GAP,1.0",Q.CA.P.A.A,Q:Quarterly,CA:Canada,P:Private non-financial sector,A:All sectors,A:Credit-to-GDP ratios (actual data),Percentage of GDP,Units,1967-09-30,F:Free,,A:Normal value,83.2
"BIS,WS_CREDIT_GAP,1.0",Q.CA.P.A.A,Q:Quarterly,CA:Canada,P:Private non-financial sector,A:All sectors,A:Credit-to-GDP ratios (actual data),Percentage of GDP,Units,1967-12-31,F:Free,,A:Normal value,85.9
"BIS,WS_CREDIT_GAP,1.0",Q.CA.P.A.A,Q:Quarterly,CA:Canada,P:Private non-financial sector,A:All sectors,A:Credit-to-GDP ratios (actual data),Percentage of GDP,Units,1968-03-31,F:Free,,A:Normal value,86.2
"BIS,WS_CREDIT_GAP,1.0",Q.CA.P.A.A,Q:Quarterly,CA:Canada,P:Private non-financial sector,A:All sectors,A:Credit-to-GDP ratios (actual data),Percentage of GDP,Units,1968-06-30,F:Free,,A:Normal value,87.3
"BIS,WS_CREDIT_GAP,1.0",Q.CA.P.A.A,Q:Quarterly,CA:Canada,P:Private non-financial sector,A:All sectors,A:Credit-to-GDP ratios (actual data),Percentage of GDP,Units,1968-09-30,F:Free,,A:Normal value,87.8
"BIS,WS_CREDIT_GAP,1.0",Q.CA.P.A.A,Q:Quarterly,CA:Canada,P:Private non-financial sector,A:All sectors,A:Credit-to-GDP ratios (actual data),Percentage of GDP,Units,1968-12-31,F:Free,,A:Normal value,89.9
"BIS,WS_CREDIT_GAP,1.0",Q.CA.P.A.A,Q:Quarterly,CA:Canada,P:Private non-financial sector,A:All sectors,A:Credit-to-GDP ratios (actual data),Percentage of GDP,Units,1969-03-31,F:Free,,A:Normal value,84.3
"BIS,WS_CREDIT_GAP,1.0",Q.CA.P.A.A,Q:Quarterly,CA:Canada,P:Private non-financial sector,A:All sectors,A:Credit-to-GDP ratios (actual data),Percentage of GDP,Units,1969-06-30,F:Free,,A:Normal value,85.8
"BIS,WS_CREDIT_GAP,1.0",Q.CA.P.A.A,Q:Quarterly,CA:Canada,P:Private non-financial sector,A:All sectors,A:Credit-to-GDP ratios (actual data),Percentage of GDP,Units,1969-09-30,F:Free,,A:Normal value,86.2
"BIS,WS_CREDIT_GAP,1.0",Q.CA.P.A.A,Q:Quarterly,CA:Canada,P:Private non-financial sector,A:All sectors,A:Credit-to-GDP ratios (actual data),Percentage of GDP,Units,1969-12-31,F:Free,,A:Normal value,86.6
"BIS,WS_CREDIT_GAP,1.0",Q.CA.P.A.A,Q:Quarterly,CA:Canada,P:Private non-financial sector,A:All sectors,A:Credit-to-GDP ratios (actual data),Percentage of GDP,Units,1970-03-31,F:Free,,A:Normal value,85.1
"BIS,WS_CREDIT_GAP,1.0",Q.CA.P.A.A,Q:Quarterly,CA:Canada,P:Private non-financial sector,A:All sectors,A:Credit-to-GDP ratios (actual data),Percentage of GDP,Units,1970-06-30,F:Free,,A:Normal value,84.9
"BIS,WS_CREDIT_GAP,1.0",Q.CA.P.A.A,Q:Quarterly,CA:Canada,P:Private non-financial sector,A:All sectors,A:Credit-to-GDP ratios (actual data),Percentage of GDP,Units,1970-09-30,F:Free,,A:Normal value,85.5
"BIS,WS_CREDIT_GAP,1.0",Q.CA.P.A.A,Q:Quarterly,CA:Canada,P:Private non-financial sector,A:All sectors,A:Credit-to-GDP ratios (actual data),Percentage of GDP,Units,1970-12-31,F:Free,,A:Normal value,86.2
"BIS,WS_CREDIT_GAP,1.0",Q.CA.P.A.A,Q:Quarterly,CA:Canada,P:Private non-financial sector,A:All sectors,A:Credit-to-GDP ratios (actual data),Percentage of GDP,Units,1971-03-31,F:Free,,A:Normal value,86.6
"BIS,WS_CREDIT_GAP,1.0",Q.CA.P.A.A,Q:Quarterly,CA:Canada,P:Private non-financial sector,A:All sectors,A:Credit-to-GDP ratios (actual data),Percentage of GDP,Units,1971-06-30,F:Free,,A:Normal value,87.8
"BIS,WS_CREDIT_GAP,1.0",Q.CA.P.A.A,Q:Quarterly,CA:Canada,P:Private non-financial sector,A:All sectors,A:Credit-to-GDP ratios (actual data),Percentage of GDP,Units,1971-09-30,F:Free,,A:Normal value,89.0
"BIS,WS_CREDIT_GAP,1.0",Q.CA.P.A.A,Q:Quarterly,CA:Canada,P:Private non-financial sector,A:All sectors,A:Credit-to-GDP ratios (actual data),Percentage of GDP,Units,1971-12-31,F:Free,,A:Normal value,89.9
"BIS,WS_CREDIT_GAP,1.0",Q.CA.P.A.A,Q:Quarterly,CA:Canada,P:Private non-financial sector,A:All sectors,A:Credit-to-GDP ratios (actual data),Percentage of GDP,Units,1972-03-31,F:Free,,A:Normal value,90.1
"BIS,WS_CREDIT_GAP,1.0",Q.CA.P.A.A,Q:Quarterly,CA:Canada,P:Private non-financial sector,A:All sectors,A:Credit-to-GDP ratios (actual data),Percentage of GDP,Units,1972-06-30,F:Free,,A:Normal value,91.1
"BIS,WS_CREDIT_GAP,1.0",Q.CA.P.A.A,Q:Quarterly,CA:Canada,P:Private non-financial sector,A:All sectors,A:Credit-to-GDP ratios (actual data),Percentage of GDP,Units,1972-09-30,F:Free,,A:Normal value,92.2
"BIS,WS_CREDIT_GAP,1.0",Q.CA.P.A.A,Q:Quarterly,CA:Canada,P:Private non-financial sector,A:All sectors,A:Credit-to-GDP ratios (actual data),Percentage of GDP,Units,1972-12-31,F:Free,,A:Normal value,93.3
"BIS,WS_CREDIT_GAP,1.0",Q.CA.P.A.A,Q:Quarterly,CA:Canada,P:Private non-financial sector,A:All sectors,A:Credit-to-GDP ratios (actual data),Percentage of GDP,Units,1973-03-31,F:Free,,A:Normal value,93.5
"BIS,WS_CREDIT_GAP,1.0",Q.CA.P.A.A,Q:Quarterly,CA:Canada,P:Private non-financial sector,A:All sectors,A:Credit-to-GDP ratios (actual data),Percentage of GDP,Units,1973-06-30,F:Free,,A:Normal value,94.8
"BIS,WS_CREDIT_GAP,1.0",Q.CA.P.A.A,Q:Quarterly,CA:Canada,P:Private non-financial sector,A:All sectors,A:Credit-to-GDP ratios (actual data),Percentage of GDP,Units,1973-09-30,F:Free,,A:Normal value,94.8
"BIS,WS_CREDIT_GAP,1.0",Q.CA.P.A.A,Q:Quarterly,CA:Canada,P:Private non-financial sector,A:All sectors,A:Credit-to-GDP ratios (actual data),Percentage of GDP,Units,1973-12-31,F:Free,,A:Normal value,95.4
"BIS,WS_CREDIT_GAP,1.0",Q.CA.P.A.A,Q:Quarterly,CA:Canada,P:Private non-financial sector,A:All sectors,A:Credit-to-GDP ratios (actual data),Percentage of GDP,Units,1974-03-31,F:Free,,A:Normal value,95.2
"BIS,WS_CREDIT_GAP,1.0",Q.CA.P.A.A,Q:Quarterly,CA:Canada,P:Private non-financial sector,A:All sectors,A:Credit-to-GDP ratios (actual data),Percentage of GDP,Units,1974-06-30,F:Free,,A:Normal value,96.3
"BIS,WS_CREDIT_GAP,1.0",Q.CA.P.A.A,Q:Quarterly,CA:Canada,P:Private non-financial sector,A:All sectors,A:Credit-to-GDP ratios (actual data),Percentage of GDP,Units,1974-09-30,F:Free,,A:Normal value,96.3
"BIS,WS_CREDIT_GAP,1.0",Q.CA.P.A.A,Q:Quarterly,CA:Canada,P:Private non-financial sector,A:All sectors,A:Credit-to-GDP ratios (actual data),Percentage of GDP,Units,1974-12-31,F:Free,,A:Normal value,96.7
"BIS,WS_CREDIT_GAP,1.0",Q.CA.P.A.A,Q:Quarterly,CA:Canada,P:Private non-financial sector,A:All sectors,A:Credit-to-GDP ratios (actual data),Percentage of GDP,Units,1975-03-31,F:Free,,A:Normal value,97.3
"BIS,WS_CREDIT_GAP,1.0",Q.CA.P.A.A,Q:Quarterly,CA:Canada,P:Private non-financial sector,A:All sectors,A:Credit-to-GDP ratios (actual data),Percentage of GDP,Units,1975-06-30,F:Free,,A:Normal value,98.6
"BIS,WS_CREDIT_GAP,1.0",Q.CA.P.A.A,Q:Quarterly,CA:Canada,P:Private non-financial sector,A:All sectors,A:Credit-to-GDP ratios (actual data),Percentage of GDP,Units,1975-09-30,F:Free,,A:Normal value,99.1
"BIS,WS_CREDIT_GAP,1.0",Q.CA.P.A.A,Q:Quarterly,CA:Canada,P:Private non-financial sector,A:All sectors,A:Credit-to-GDP ratios (actual data),Percentage of GDP,Units,1975-12-31,F:Free,,A:Normal value,99.6
"BIS,WS_CREDIT_GAP,1.0",Q.CA.P.A.A,Q:Quarterly,CA:Canada,P:Private non-financial sector,A:All sectors,A:Credit-to-GDP ratios (actual data),Percentage of GDP,Units,1976-03-31,F:Free,,A:Normal value,99.4
"BIS,WS_CREDIT_GAP,1.0",Q.CA.P.A.A,Q:Quarterly,CA:Canada,P:Private non-financial sector,A:All sectors,A:Credit-to-GDP ratios (actual data),Percentage of GDP,Units,1976-06-30,F:Free,,A:Normal value,99.3
"BIS,WS_CREDIT_GAP,1.0",Q.CA.P.A.A,Q:Quarterly,CA:Canada,P:Private non-financial sector,A:All sectors,A:Credit-to-GDP ratios (actual data),Percentage of GDP,Units,1976-09-30,F:Free,,A:Normal value,99.7
"BIS,WS_CREDIT_GAP,1.0",Q.CA.P.A.A,Q:Quarterly,CA:Canada,P:Private non-financial sector,A:All sectors,A:Credit-to-GDP ratios (actual data),Percentage of GDP,Units,1976-12-31,F:Free,,A:Normal value,100.5
"BIS,WS_CREDIT_GAP,1.0",Q.CA.P.A.A,Q:Quarterly,CA:Canada,P:Private non-financial sector,A:All sectors,A:Credit-to-GDP ratios (actual data),Percentage of GDP,Units,1977-03-31,F:Free,,A:Normal value,102.0
"BIS,WS_CREDIT_GAP,1.0",Q.CA.P.A.A,Q:Quarterly,CA:Canada,P:Private non-financial sector,A:All sectors,A:Credit-to-GDP ratios (actual data),Percentage of GDP,Units,1977-06-30,F:Free,,A:Normal value,104.0
"BIS,WS_CREDIT_GAP,1.0",Q.CA.P.A.A,Q:Quarterly,CA:Canada,P:Private non-financial sector,A:All sectors,A:Credit-to-GDP ratios (actual data),Percentage of GDP,Units,1977-09-30,F:Free,,A:Normal value,105.3
"BIS,WS_CREDIT_GAP,1.0",Q.CA.P.A.A,Q:Quarterly,CA:Canada,P:Private non-financial sector,A:All sectors,A:Credit-to-GDP ratios (actual data),Percentage of GDP,Units,1977-12-31,F:Free,,A:Normal value,106.1
"BIS,WS_CREDIT_GAP,1.0",Q.CA.P.A.A,Q:Quarterly,CA:Canada,P:Private non-financial sector,A:All sectors,A:Credit-to-GDP ratios (actual data),Percentage of GDP,Units,1978-03-31,F:Free,,A:Normal value,107.2
"BIS,WS_CREDIT_GAP,1.0",Q.CA.P.A.A,Q:Quarterly,CA:Canada,P:Private non-financial sector,A:All sectors,A:Credit-to-GDP ratios (actual data),Percentage of GDP,Units,1978-06-30,F:Free,,A:Normal value,108.2
"BIS,WS_CREDIT_GAP,1.0",Q.CA.P.A.A,Q:Quarterly,CA:Canada,P:Private non-financial sector,A:All sectors,A:Credit-to-GDP ratios (actual data),Percentage of GDP,Units,1978-09-30,F:Free,,A:Normal value,109.2
"BIS,WS_CREDIT_GAP,1.0",Q.CA.P.A.A,Q:Quarterly,CA:Canada,P:Private non-financial sector,A:All sectors,A:Credit-to-GDP ratios (actual data),Percentage of GDP,Units,1978-12-31,F:Free,,A:Normal value,110.5
"BIS,WS_CREDIT_GAP,1.0",Q.CA.P.A.A,Q:Quarterly,CA:Canada,P:Private non-financial sector,A:All sectors,A:Credit-to-GDP ratios (actual data),Percentage of GDP,Units,1979-03-31,F:Free,,A:Normal value,112.0
"BIS,WS_CREDIT_GAP,1.0",Q.CA.P.A.A,Q:Quarterly,CA:Canada,P:Private non-financial sector,A:All sectors,A:Credit-to-GDP ratios (actual data),Percentage of GDP,Units,1979-06-30,F:Free,,A:Normal value,113.4
"BIS,WS_CREDIT_GAP,1.0",Q.CA.P.A.A,Q:Quarterly,CA:Canada,P:Private non-financial sector,A:All sectors,A:Credit-to-GDP ratios (actual data),Percentage of GDP,Units,1979-09-30,F:Free,,A:Normal value,114.4
"BIS,WS_CREDIT_GAP,1.0",Q.CA.P.A.A,Q:Quarterly,CA:Canada,P:Private non-financial sector,A:All sectors,A:Credit-to-GDP ratios (actual data),Percentage of GDP,Units,1979-12-31,F:Free,,A:Normal value,114.7
"BIS,WS_CREDIT_GAP,1.0",Q.CA.P.A.A,Q:Quarterly,CA:Canada,P:Private non-financial sector,A:All sectors,A:Credit-to-GDP ratios (actual data),Percentage of GDP,Units,1980-03-31,F:Free,,A:Normal value,115.1
"BIS,WS_CREDIT_GAP,1.0",Q.CA.P.A.A,Q:Quarterly,CA:Canada,P:Private non-financial sector,A:All sectors,A:Credit-to-GDP ratios (actual data),Percentage of GDP,Units,1980-06-30,F:Free,,A:Normal value,116.2
"BIS,WS_CREDIT_GAP,1.0",Q.CA.P.A.A,Q:Quarterly,CA:Canada,P:Private non-financial sector,A:All sectors,A:Credit-to-GDP ratios (actual data),Percentage of GDP,Units,1980-09-30,F:Free,,A:Normal value,116.5
"BIS,WS_CREDIT_GAP,1.0",Q.CA.P.A.A,Q:Quarterly,CA:Canada,P:Private non-financial sector,A:All sectors,A:Credit-to-GDP ratios (actual data),Percentage of GDP,Units,1980-12-31,F:Free,,A:Normal value,117.4
"BIS,WS_CREDIT_GAP,1.0",Q.CA.P.A.A,Q:Quarterly,CA:Canada,P:Private non-financial sector,A:All sectors,A:Credit-to-GDP ratios (actual data),Percentage of GDP,Units,1981-03-31,F:Free,,A:Normal value,118.1
"BIS,WS_CREDIT_GAP,1.0",Q.CA.P.A.A,Q:Quarterly,CA:Canada,P:Private non-financial sector,A:All sectors,A:Credit-to-GDP ratios (actual data),Percentage of GDP,Units,1981-06-30,F:Free,,A:Normal value,119.9
"BIS,WS_CREDIT_GAP,1.0",Q.CA.P.A.A,Q:Quarterly,CA:Canada,P:Private non-financial sector,A:All sectors,A:Credit-to-GDP ratios (actual data),Percentage of GDP,Units,1981-09-30,F:Free,,A:Normal value,121.1
"BIS,WS_CREDIT_GAP,1.0",Q.CA.P.A.A,Q:Quarterly,CA:Canada,P:Private non-financial sector,A:All sectors,A:Credit-to-GDP ratios (actual data),Percentage of GDP,Units,1981-12-31,F:Free,,A:Normal value,120.0
"BIS,WS_CREDIT_GAP,1.0",Q.CA.P.A.A,Q:Quarterly,CA:Canada,P:Private non-financial sector,A:All sectors,A:Credit-to-GDP ratios (actual data),Percentage of GDP,Units,1982-03-31,F:Free,,A:Normal value,120.0
"BIS,WS_CREDIT_GAP,1.0",Q.CA.P.A.A,Q:Quarterly,CA:Canada,P:Private non-financial sector,A:All sectors,A:Credit-to-GDP ratios (actual data),Percentage of GDP,Units,1982-06-30,F:Free,,A:Normal value,119.7
"BIS,WS_CREDIT_GAP,1.0",Q.CA.P.A.A,Q:Quarterly,CA:Canada,P:Private non-financial sector,A:All sectors,A:Credit-to-GDP ratios (actual data),Percentage of GDP,Units,1982-09-30,F:Free,,A:Normal value,118.7
"BIS,WS_CREDIT_GAP,1.0",Q.CA.P.A.A,Q:Quarterly,CA:Canada,P:Private non-financial sector,A:All sectors,A:Credit-to-GDP ratios (actual data),Percentage of GDP,Units,1982-12-31,F:Free,,A:Normal value,116.7
"BIS,WS_CREDIT_GAP,1.0",Q.CA.P.A.A,Q:Quarterly,CA:Canada,P:Private non-financial sector,A:All sectors,A:Credit-to-GDP ratios (actual data),Percentage of GDP,Units,1983-03-31,F:Free,,A:Normal value,115.2
"BIS,WS_CREDIT_GAP,1.0",Q.CA.P.A.A,Q:Quarterly,CA:Canada,P:Private non-financial sector,A:All sectors,A:Credit-to-GDP ratios (actual data),Percentage of GDP,Units,1983-06-30,F:Free,,A:Normal value,113.3
"BIS,WS_CREDIT_GAP,1.0",Q.CA.P.A.A,Q:Quarterly,CA:Canada,P:Private non-financial sector,A:All sectors,A:Credit-to-GDP ratios (actual data),Percentage of GDP,Units,1983-09-30,F:Free,,A:Normal value,111.3
"BIS,WS_CREDIT_GAP,1.0",Q.CA.P.A.A,Q:Quarterly,CA:Canada,P:Private non-financial sector,A:All sectors,A:Credit-to-GDP ratios (actual data),Percentage of GDP,Units,1983-12-31,F:Free,,A:Normal value,109.2
"BIS,WS_CREDIT_GAP,1.0",Q.CA.P.A.A,Q:Quarterly,CA:Canada,P:Private non-financial sector,A:All sectors,A:Credit-to-GDP ratios (actual data),Percentage of GDP,Units,1984-03-31,F:Free,,A:Normal value,108.6
"BIS,WS_CREDIT_GAP,1.0",Q.CA.P.A.A,Q:Quarterly,CA:Canada,P:Private non-financial sector,A:All sectors,A:Credit-to-GDP ratios (actual data),Percentage of GDP,Units,1984-06-30,F:Free,,A:Normal value,107.8
"BIS,WS_CREDIT_GAP,1.0",Q.CA.P.A.A,Q:Quarterly,CA:Canada,P:Private non-financial sector,A:All sectors,A:Credit-to-GDP ratios (actual data),Percentage of GDP,Units,1984-09-30,F:Free,,A:Normal value,106.9
"BIS,WS_CREDIT_GAP,1.0",Q.CA.P.A.A,Q:Quarterly,CA:Canada,P:Private non-financial sector,A:All sectors,A:Credit-to-GDP ratios (actual data),Percentage of GDP,Units,1984-12-31,F:Free,,A:Normal value,106.1
"BIS,WS_CREDIT_GAP,1.0",Q.CA.P.A.A,Q:Quarterly,CA:Canada,P:Private non-financial sector,A:All sectors,A:Credit-to-GDP ratios (actual data),Percentage of GDP,Units,1985-03-31,F:Free,,A:Normal value,106.5
"BIS,WS_CREDIT_GAP,1.0",Q.CA.P.A.A,Q:Quarterly,CA:Canada,P:Private non-financial sector,A:All sectors,A:Credit-to-GDP ratios (actual data),Percentage of GDP,Units,1985-06-30,F:Free,,A:Normal value,106.2
"BIS,WS_CREDIT_GAP,1.0",Q.CA.P.A.A,Q:Quarterly,CA:Canada,P:Private non-financial sector,A:All sectors,A:Credit-to-GDP ratios (actual data),Percentage of GDP,Units,1985-09-30,F:Free,,A:Normal value,107.6
"BIS,WS_CREDIT_GAP,1.0",Q.CA.P.A.A,Q:Quarterly,CA:Canada,P:Private non-financial sector,A:All sectors,A:Credit-to-GDP ratios (actual data),Percentage of GDP,Units,1985-12-31,F:Free,,A:Normal value,107.8
"BIS,WS_CREDIT_GAP,1.0",Q.CA.P.A.A,Q:Quarterly,CA:Canada,P:Private non-financial sector,A:All sectors,A:Credit-to-GDP ratios (actual data),Percentage of GDP,Units,1986-03-31,F:Free,,A:Normal value,108.3
"BIS,WS_CREDIT_GAP,1.0",Q.CA.P.A.A,Q:Quarterly,CA:Canada,P:Private non-financial sector,A:All sectors,A:Credit-to-GDP ratios (actual data),Percentage of GDP,Units,1986-06-30,F:Free,,A:Normal value,109.8
"BIS,WS_CREDIT_GAP,1.0",Q.CA.P.A.A,Q:Quarterly,CA:Canada,P:Private non-financial sector,A:All sectors,A:Credit-to-GDP ratios (actual data),Percentage of GDP,Units,1986-09-30,F:Free,,A:Normal value,110.6
"BIS,WS_CREDIT_GAP,1.0",Q.CA.P.A.A,Q:Quarterly,CA:Canada,P:Private non-financial sector,A:All sectors,A:Credit-to-GDP ratios (actual data),Percentage of GDP,Units,1986-12-31,F:Free,,A:Normal value,111.8
"BIS,WS_CREDIT_GAP,1.0",Q.CA.P.A.A,Q:Quarterly,CA:Canada,P:Private non-financial sector,A:All sectors,A:Credit-to-GDP ratios (actual data),Percentage of GDP,Units,1987-03-31,F:Free,,A:Normal value,112.1
"BIS,WS_CREDIT_GAP,1.0",Q.CA.P.A.A,Q:Quarterly,CA:Canada,P:Private non-financial sector,A:All sectors,A:Credit-to-GDP ratios (actual data),Percentage of GDP,Units,1987-06-30,F:Free,,A:Normal value,114.1
"BIS,WS_CREDIT_GAP,1.0",Q.CA.P.A.A,Q:Quarterly,CA:Canada,P:Private non-financial sector,A:All sectors,A:Credit-to-GDP ratios (actual data),Percentage of GDP,Units,1987-09-30,F:Free,,A:Normal value,114.5
"BIS,WS_CREDIT_GAP,1.0",Q.CA.P.A.A,Q:Quarterly,CA:Canada,P:Private non-financial sector,A:All sectors,A:Credit-to-GDP ratios (actual data),Percentage of GDP,Units,1987-12-31,F:Free,,A:Normal value,115.3
"BIS,WS_CREDIT_GAP,1.0",Q.CA.P.A.A,Q:Quarterly,CA:Canada,P:Private non-financial sector,A:All sectors,A:Credit-to-GDP ratios (actual data),Percentage of GDP,Units,1988-03-31,F:Free,,A:Normal value,116.7
"BIS,WS_CREDIT_GAP,1.0",Q.CA.P.A.A,Q:Quarterly,CA:Canada,P:Private non-financial sector,A:All sectors,A:Credit-to-GDP ratios (actual data),Percentage of GDP,Units,1988-06-30,F:Free,,A:Normal value,118.0
"BIS,WS_CREDIT_GAP,1.0",Q.CA.P.A.A,Q:Quarterly,CA:Canada,P:Private non-financial sector,A:All sectors,A:Credit-to-GDP ratios (actual data),Percentage of GDP,Units,1988-09-30,F:Free,,A:Normal value,120.0
"BIS,WS_CREDIT_GAP,1.0",Q.CA.P.A.A,Q:Quarterly,CA:Canada,P:Private non-financial sector,A:All sectors,A:Credit-to-GDP ratios (actual data),Percentage of GDP,Units,1988-12-31,F:Free,,A:Normal value,121.3
"BIS,WS_CREDIT_GAP,1.0",Q.CA.P.A.A,Q:Quarterly,CA:Canada,P:Private non-financial sector,A:All sectors,A:Credit-to-GDP ratios (actual data),Percentage of GDP,Units,1989-03-31,F:Free,,A:Normal value,122.6
"BIS,WS_CREDIT_GAP,1.0",Q.CA.P.A.A,Q:Quarterly,CA:Canada,P:Private non-financial sector,A:All sectors,A:Credit-to-GDP ratios (actual data),Percentage of GDP,Units,1989-06-30,F:Free,,A:Normal value,124.3
"BIS,WS_CREDIT_GAP,1.0",Q.CA.P.A.A,Q:Quarterly,CA:Canada,P:Private non-financial sector,A:All sectors,A:Credit-to-GDP ratios (actual data),Percentage of GDP,Units,1989-09-30,F:Free,,A:Normal value,126.3
"BIS,WS_CREDIT_GAP,1.0",Q.CA.P.A.A,Q:Quarterly,CA:Canada,P:Private non-financial sector,A:All sectors,A:Credit-to-GDP ratios (actual data),Percentage of GDP,Units,1989-12-31,F:Free,,A:Normal value,128.7
"BIS,WS_CREDIT_GAP,1.0",Q.CA.P.A.A,Q:Quarterly,CA:Canada,P:Private non-financial sector,A:All sectors,A:Credit-to-GDP ratios (actual data),Percentage of GDP,Units,1990-03-31,F:Free,,A:Normal value,130.8
"BIS,WS_CREDIT_GAP,1.0",Q.CA.P.A.A,Q:Quarterly,CA:Canada,P:Private non-financial sector,A:All sectors,A:Credit-to-GDP ratios (actual data),Percentage of GDP,Units,1990-06-30,F:Free,,A:Normal value,132.2
"BIS,WS_CREDIT_GAP,1.0",Q.CA.P.A.A,Q:Quarterly,CA:Canada,P:Private non-financial sector,A:All sectors,A:Credit-to-GDP ratios (actual data),Percentage of GDP,Units,1990-09-30,F:Free,,A:Normal value,133.7
"BIS,WS_CREDIT_GAP,1.0",Q.CA.P.A.A,Q:Quarterly,CA:Canada,P:Private non-financial sector,A:All sectors,A:Credit-to-GDP ratios (actual data),Percentage of GDP,Units,1990-12-31,F:Free,,A:Normal value,134.8
"BIS,WS_CREDIT_GAP,1.0",Q.CA.P.A.A,Q:Quarterly,CA:Canada,P:Private non-financial sector,A:All sectors,A:Credit-to-GDP ratios (actual data),Percentage of GDP,Units,1991-03-31,F:Free,,A:Normal value,136.7
"BIS,WS_CREDIT_GAP,1.0",Q.CA.P.A.A,Q:Quarterly,CA:Canada,P:Private non-financial sector,A:All sectors,A:Credit-to-GDP ratios (actual data),Percentage of GDP,Units,1991-06-30,F:Free,,A:Normal value,138.1
"BIS,WS_CREDIT_GAP,1.0",Q.CA.P.A.A,Q:Quarterly,CA:Canada,P:Private non-financial sector,A:All sectors,A:Credit-to-GDP ratios (actual data),Percentage of GDP,Units,1991-09-30,F:Free,,A:Normal value,139.3
"BIS,WS_CREDIT_GAP,1.0",Q.CA.P.A.A,Q:Quarterly,CA:Canada,P:Private non-financial sector,A:All sectors,A:Credit-to-GDP ratios (actual data),Percentage of GDP,Units,1991-12-31,F:Free,,A:Normal value,141.1
"BIS,WS_CREDIT_GAP,1.0",Q.CA.P.A.A,Q:Quarterly,CA:Canada,P:Private non-financial sector,A:All sectors,A:Credit-to-GDP ratios (actual data),Percentage of GDP,Units,1992-03-31,F:Free,,A:Normal value,141.2
"BIS,WS_CREDIT_GAP,1.0",Q.CA.P.A.A,Q:Quarterly,CA:Canada,P:Private non-financial sector,A:All sectors,A:Credit-to-GDP ratios (actual data),Percentage of GDP,Units,1992-06-30,F:Free,,A:Normal value,142.6
"BIS,WS_CREDIT_GAP,1.0",Q.CA.P.A.A,Q:Quarterly,CA:Canada,P:Private non-financial sector,A:All sectors,A:Credit-to-GDP ratios (actual data),Percentage of GDP,Units,1992-09-30,F:Free,,A:Normal value,142.9
"BIS,WS_CREDIT_GAP,1.0",Q.CA.P.A.A,Q:Quarterly,CA:Canada,P:Private non-financial sector,A:All sectors,A:Credit-to-GDP ratios (actual data),Percentage of GDP,Units,1992-12-31,F:Free,,A:Normal value,142.7
"BIS,WS_CREDIT_GAP,1.0",Q.CA.P.A.A,Q:Quarterly,CA:Canada,P:Private non-financial sector,A:All sectors,A:Credit-to-GDP ratios (actual data),Percentage of GDP,Units,1993-03-31,F:Free,,A:Normal value,144.2
"BIS,WS_CREDIT_GAP,1.0",Q.CA.P.A.A,Q:Quarterly,CA:Canada,P:Private non-financial sector,A:All sectors,A:Credit-to-GDP ratios (actual data),Percentage of GDP,Units,1993-06-30,F:Free,,A:Normal value,144.1
"BIS,WS_CREDIT_GAP,1.0",Q.CA.P.A.A,Q:Quarterly,CA:Canada,P:Private non-financial sector,A:All sectors,A:Credit-to-GDP ratios (actual data),Percentage of GDP,Units,1993-09-30,F:Free,,A:Normal value,145.3
"BIS,WS_CREDIT_GAP,1.0",Q.CA.P.A.A,Q:Quarterly,CA:Canada,P:Private non-financial sector,A:All sectors,A:Credit-to-GDP ratios (actual data),Percentage of GDP,Units,1993-12-31,F:Free,,A:Normal value,144.8
"BIS,WS_CREDIT_GAP,1.0",Q.CA.P.A.A,Q:Quarterly,CA:Canada,P:Private non-financial sector,A:All sectors,A:Credit-to-GDP ratios (actual data),Percentage of GDP,Units,1994-03-31,F:Free,,A:Normal value,144.8
"BIS,WS_CREDIT_GAP,1.0",Q.CA.P.A.A,Q:Quarterly,CA:Canada,P:Private non-financial sector,A:All sectors,A:Credit-to-GDP ratios (actual data),Percentage of GDP,Units,1994-06-30,F:Free,,A:Normal value,144.1
"BIS,WS_CREDIT_GAP,1.0",Q.CA.P.A.A,Q:Quarterly,CA:Canada,P:Private non-financial sector,A:All sectors,A:Credit-to-GDP ratios (actual data),Percentage of GDP,Units,1994-09-30,F:Free,,A:Normal value,142.9
"BIS,WS_CREDIT_GAP,1.0",Q.CA.P.A.A,Q:Quarterly,CA:Canada,P:Private non-financial sector,A:All sectors,A:Credit-to-GDP ratios (actual data),Percentage of GDP,Units,1994-12-31,F:Free,,A:Normal value,142.3
"BIS,WS_CREDIT_GAP,1.0",Q.CA.P.A.A,Q:Quarterly,CA:Canada,P:Private non-financial sector,A:All sectors,A:Credit-to-GDP ratios (actual data),Percentage of GDP,Units,1995-03-31,F:Free,,A:Normal value,143.0
"BIS,WS_CREDIT_GAP,1.0",Q.CA.P.A.A,Q:Quarterly,CA:Canada,P:Private non-financial sector,A:All sectors,A:Credit-to-GDP ratios (actual data),Percentage of GDP,Units,1995-06-30,F:Free,,A:Normal value,141.8
"BIS,WS_CREDIT_GAP,1.0",Q.CA.P.A.A,Q:Quarterly,CA:Canada,P:Private non-financial sector,A:All sectors,A:Credit-to-GDP ratios (actual data),Percentage of GDP,Units,1995-09-30,F:Free,,A:Normal value,141.9
"BIS,WS_CREDIT_GAP,1.0",Q.CA.P.A.A,Q:Quarterly,CA:Canada,P:Private non-financial sector,A:All sectors,A:Credit-to-GDP ratios (actual data),Percentage of GDP,Units,1995-12-31,F:Free,,A:Normal value,141.9
"BIS,WS_CREDIT_GAP,1.0",Q.CA.P.A.A,Q:Quarterly,CA:Canada,P:Private non-financial sector,A:All sectors,A:Credit-to-GDP ratios (actual data),Percentage of GDP,Units,1996-03-31,F:Free,,A:Normal value,142.0
"BIS,WS_CREDIT_GAP,1.0",Q.CA.P.A.A,Q:Quarterly,CA:Canada,P:Private non-financial sector,A:All sectors,A:Credit-to-GDP ratios (actual data),Percentage of GDP,Units,1996-06-30,F:Free,,A:Normal value,142.1
"BIS,WS_CREDIT_GAP,1.0",Q.CA.P.A.A,Q:Quarterly,CA:Canada,P:Private non-financial sector,A:All sectors,A:Credit-to-GDP ratios (actual data),Percentage of GDP,Units,1996-09-30,F:Free,,A:Normal value,142.2
"BIS,WS_CREDIT_GAP,1.0",Q.CA.P.A.A,Q:Quarterly,CA:Canada,P:Private non-financial sector,A:All sectors,A:Credit-to-GDP ratios (actual data),Percentage of GDP,Units,1996-12-31,F:Free,,A:Normal value,142.0
"BIS,WS_CREDIT_GAP,1.0",Q.CA.P.A.A,Q:Quarterly,CA:Canada,P:Private non-financial sector,A:All sectors,A:Credit-to-GDP ratios (actual data),Percentage of GDP,Units,1997-03-31,F:Free,,A:Normal value,144.2
"BIS,WS_CREDIT_GAP,1.0",Q.CA.P.A.A,Q:Quarterly,CA:Canada,P:Private non-financial sector,A:All sectors,A:Credit-to-GDP ratios (actual data),Percentage of GDP,Units,1997-06-30,F:Free,,A:Normal value,144.7
"BIS,WS_CREDIT_GAP,1.0",Q.CA.P.A.A,Q:Quarterly,CA:Canada,P:Private non-financial sector,A:All sectors,A:Credit-to-GDP ratios (actual data),Percentage of GDP,Units,1997-09-30,F:Free,,A:Normal value,145.1
"BIS,WS_CREDIT_GAP,1.0",Q.CA.P.A.A,Q:Quarterly,CA:Canada,P:Private non-financial sector,A:All sectors,A:Credit-to-GDP ratios (actual data),Percentage of GDP,Units,1997-12-31,F:Free,,A:Normal value,145.1
"BIS,WS_CREDIT_GAP,1.0",Q.CA.P.A.A,Q:Quarterly,CA:Canada,P:Private non-financial sector,A:All sectors,A:Credit-to-GDP ratios (actual data),Percentage of GDP,Units,1998-03-31,F:Free,,A:Normal value,146.5
"BIS,WS_CREDIT_GAP,1.0",Q.CA.P.A.A,Q:Quarterly,CA:Canada,P:Private non-financial sector,A:All sectors,A:Credit-to-GDP ratios (actual data),Percentage of GDP,Units,1998-06-30,F:Free,,A:Normal value,148.7
"BIS,WS_CREDIT_GAP,1.0",Q.CA.P.A.A,Q:Quarterly,CA:Canada,P:Private non-financial sector,A:All sectors,A:Credit-to-GDP ratios (actual data),Percentage of GDP,Units,1998-09-30,F:Free,,A:Normal value,150.8
"BIS,WS_CREDIT_GAP,1.0",Q.CA.P.A.A,Q:Quarterly,CA:Canada,P:Private non-financial sector,A:All sectors,A:Credit-to-GDP ratios (actual data),Percentage of GDP,Units,1998-12-31,F:Free,,A:Normal value,151.3
"BIS,WS_CREDIT_GAP,1.0",Q.CA.P.A.A,Q:Quarterly,CA:Canada,P:Private non-financial sector,A:All sectors,A:Credit-to-GDP ratios (actual data),Percentage of GDP,Units,1999-03-31,F:Free,,A:Normal value,149.9
"BIS,WS_CREDIT_GAP,1.0",Q.CA.P.A.A,Q:Quarterly,CA:Canada,P:Private non-financial sector,A:All sectors,A:Credit-to-GDP ratios (actual data),Percentage of GDP,Units,1999-06-30,F:Free,,A:Normal value,148.8
"BIS,WS_CREDIT_GAP,1.0",Q.CA.P.A.A,Q:Quarterly,CA:Canada,P:Private non-financial sector,A:All sectors,A:Credit-to-GDP ratios (actual data),Percentage of GDP,Units,1999-09-30,F:Free,,A:Normal value,147.2
"BIS,WS_CREDIT_GAP,1.0",Q.CA.P.A.A,Q:Quarterly,CA:Canada,P:Private non-financial sector,A:All sectors,A:Credit-to-GDP ratios (actual data),Percentage of GDP,Units,1999-12-31,F:Free,,A:Normal value,144.6
"BIS,WS_CREDIT_GAP,1.0",Q.CA.P.A.A,Q:Quarterly,CA:Canada,P:Private non-financial sector,A:All sectors,A:Credit-to-GDP ratios (actual data),Percentage of GDP,Units,2000-03-31,F:Free,,A:Normal value,147.1
"BIS,WS_CREDIT_GAP,1.0",Q.CA.P.A.A,Q:Quarterly,CA:Canada,P:Private non-financial sector,A:All sectors,A:Credit-to-GDP ratios (actual data),Percentage of GDP,Units,2000-06-30,F:Free,,A:Normal value,146.2
"BIS,WS_CREDIT_GAP,1.0",Q.CA.P.A.A,Q:Quarterly,CA:Canada,P:Private non-financial sector,A:All sectors,A:Credit-to-GDP ratios (actual data),Percentage of GDP,Units,2000-09-30,F:Free,,A:Normal value,145.6
"BIS,WS_CREDIT_GAP,1.0",Q.CA.P.A.A,Q:Quarterly,CA:Canada,P:Private non-financial sector,A:All sectors,A:Credit-to-GDP ratios (actual data),Percentage of GDP,Units,2000-12-31,F:Free,,A:Normal value,143.9
"BIS,WS_CREDIT_GAP,1.0",Q.CA.P.A.A,Q:Quarterly,CA:Canada,P:Private non-financial sector,A:All sectors,A:Credit-to-GDP ratios (actual data),Percentage of GDP,Units,2001-03-31,F:Free,,A:Normal value,146.7
"BIS,WS_CREDIT_GAP,1.0",Q.CA.P.A.A,Q:Quarterly,CA:Canada,P:Private non-financial sector,A:All sectors,A:Credit-to-GDP ratios (actual data),Percentage of GDP,Units,2001-06-30,F:Free,,A:Normal value,146.7
"BIS,WS_CREDIT_GAP,1.0",Q.CA.P.A.A,Q:Quarterly,CA:Canada,P:Private non-financial sector,A:All sectors,A:Credit-to-GDP ratios (actual data),Percentage of GDP,Units,2001-09-30,F:Free,,A:Normal value,149.6
"BIS,WS_CREDIT_GAP,1.0",Q.CA.P.A.A,Q:Quarterly,CA:Canada,P:Private non-financial sector,A:All sectors,A:Credit-to-GDP ratios (actual data),Percentage of GDP,Units,2001-12-31,F:Free,,A:Normal value,150.6
"BIS,WS_CREDIT_GAP,1.0",Q.CA.P.A.A,Q:Quarterly,CA:Canada,P:Private non-financial sector,A:All sectors,A:Credit-to-GDP ratios (actual data),Percentage of GDP,Units,2002-03-31,F:Free,,A:Normal value,153.9
"BIS,WS_CREDIT_GAP,1.0",Q.CA.P.A.A,Q:Quarterly,CA:Canada,P:Private non-financial sector,A:All sectors,A:Credit-to-GDP ratios (actual data),Percentage of GDP,Units,2002-06-30,F:Free,,A:Normal value,155.0
"BIS,WS_CREDIT_GAP,1.0",Q.CA.P.A.A,Q:Quarterly,CA:Canada,P:Private non-financial sector,A:All sectors,A:Credit-to-GDP ratios (actual data),Percentage of GDP,Units,2002-09-30,F:Free,,A:Normal value,155.8
"BIS,WS_CREDIT_GAP,1.0",Q.CA.P.A.A,Q:Quarterly,CA:Canada,P:Private non-financial sector,A:All sectors,A:Credit-to-GDP ratios (actual data),Percentage of GDP,Units,2002-12-31,F:Free,,A:Normal value,154.8
"BIS,WS_CREDIT_GAP,1.0",Q.CA.P.A.A,Q:Quarterly,CA:Canada,P:Private non-financial sector,A:All sectors,A:Credit-to-GDP ratios (actual data),Percentage of GDP,Units,2003-03-31,F:Free,,A:Normal value,151.9
"BIS,WS_CREDIT_GAP,1.0",Q.CA.P.A.A,Q:Quarterly,CA:Canada,P:Private non-financial sector,A:All sectors,A:Credit-to-GDP ratios (actual data),Percentage of GDP,Units,2003-06-30,F:Free,,A:Normal value,152.1
"BIS,WS_CREDIT_GAP,1.0",Q.CA.P.A.A,Q:Quarterly,CA:Canada,P:Private non-financial sector,A:All sectors,A:Credit-to-GDP ratios (actual data),Percentage of GDP,Units,2003-09-30,F:Free,,A:Normal value,151.6
"BIS,WS_CREDIT_GAP,1.0",Q.CA.P.A.A,Q:Quarterly,CA:Canada,P:Private non-financial sector,A:All sectors,A:Credit-to-GDP ratios (actual data),Percentage of GDP,Units,2003-12-31,F:Free,,A:Normal value,151.4
"BIS,WS_CREDIT_GAP,1.0",Q.CA.P.A.A,Q:Quarterly,CA:Canada,P:Private non-financial sector,A:All sectors,A:Credit-to-GDP ratios (actual data),Percentage of GDP,Units,2004-03-31,F:Free,,A:Normal value,154.8
"BIS,WS_CREDIT_GAP,1.0",Q.CA.P.A.A,Q:Quarterly,CA:Canada,P:Private non-financial sector,A:All sectors,A:Credit-to-GDP ratios (actual data),Percentage of GDP,Units,2004-06-30,F:Free,,A:Normal value,154.5
"BIS,WS_CREDIT_GAP,1.0",Q.CA.P.A.A,Q:Quarterly,CA:Canada,P:Private non-financial sector,A:All sectors,A:Credit-to-GDP ratios (actual data),Percentage of GDP,Units,2004-09-30,F:Free,,A:Normal value,153.7
"BIS,WS_CREDIT_GAP,1.0",Q.CA.P.A.A,Q:Quarterly,CA:Canada,P:Private non-financial sector,A:All sectors,A:Credit-to-GDP ratios (actual data),Percentage of GDP,Units,2004-12-31,F:Free,,A:Normal value,153.7
"BIS,WS_CREDIT_GAP,1.0",Q.CA.P.A.A,Q:Quarterly,CA:Canada,P:Private non-financial sector,A:All sectors,A:Credit-to-GDP ratios (actual data),Percentage of GDP,Units,2005-03-31,F:Free,,A:Normal value,151.1
"BIS,WS_CREDIT_GAP,1.0",Q.CA.P.A.A,Q:Quarterly,CA:Canada,P:Private non-financial sector,A:All sectors,A:Credit-to-GDP ratios (actual data),Percentage of GDP,Units,2005-06-30,F:Free,,A:Normal value,152.8
"BIS,WS_CREDIT_GAP,1.0",Q.CA.P.A.A,Q:Quarterly,CA:Canada,P:Private non-financial sector,A:All sectors,A:Credit-to-GDP ratios (actual data),Percentage of GDP,Units,2005-09-30,F:Free,,A:Normal value,151.9
"BIS,WS_CREDIT_GAP,1.0",Q.CA.P.A.A,Q:Quarterly,CA:Canada,P:Private non-financial sector,A:All sectors,A:Credit-to-GDP ratios (actual data),Percentage of GDP,Units,2005-12-31,F:Free,,A:Normal value,149.7
"BIS,WS_CREDIT_GAP,1.0",Q.CA.P.A.A,Q:Quarterly,CA:Canada,P:Private non-financial sector,A:All sectors,A:Credit-to-GDP ratios (actual data),Percentage of GDP,Units,2006-03-31,F:Free,,A:Normal value,149.9
"BIS,WS_CREDIT_GAP,1.0",Q.CA.P.A.A,Q:Quarterly,CA:Canada,P:Private non-financial sector,A:All sectors,A:Credit-to-GDP ratios (actual data),Percentage of GDP,Units,2006-06-30,F:Free,,A:Normal value,149.8
"BIS,WS_CREDIT_GAP,1.0",Q.CA.P.A.A,Q:Quarterly,CA:Canada,P:Private non-financial sector,A:All sectors,A:Credit-to-GDP ratios (actual data),Percentage of GDP,Units,2006-09-30,F:Free,,A:Normal value,152.0
"BIS,WS_CREDIT_GAP,1.0",Q.CA.P.A.A,Q:Quarterly,CA:Canada,P:Private non-financial sector,A:All sectors,A:Credit-to-GDP ratios (actual data),Percentage of GDP,Units,2006-12-31,F:Free,,A:Normal value,154.2
"BIS,WS_CREDIT_GAP,1.0",Q.CA.P.A.A,Q:Quarterly,CA:Canada,P:Private non-financial sector,A:All sectors,A:Credit-to-GDP ratios (actual data),Percentage of GDP,Units,2007-03-31,F:Free,,A:Normal value,159.5
"BIS,WS_CREDIT_GAP,1.0",Q.CA.P.A.A,Q:Quarterly,CA:Canada,P:Private non-financial sector,A:All sectors,A:Credit-to-GDP ratios (actual data),Percentage of GDP,Units,2007-06-30,F:Free,,A:Normal value,159.7
"BIS,WS_CREDIT_GAP,1.0",Q.CA.P.A.A,Q:Quarterly,CA:Canada,P:Private non-financial sector,A:All sectors,A:Credit-to-GDP ratios (actual data),Percentage of GDP,Units,2007-09-30,F:Free,,A:Normal value,161.3
"BIS,WS_CREDIT_GAP,1.0",Q.CA.P.A.A,Q:Quarterly,CA:Canada,P:Private non-financial sector,A:All sectors,A:Credit-to-GDP ratios (actual data),Percentage of GDP,Units,2007-12-31,F:Free,,A:Normal value,161.9
"BIS,WS_CREDIT_GAP,1.0",Q.CA.P.A.A,Q:Quarterly,CA:Canada,P:Private non-financial sector,A:All sectors,A:Credit-to-GDP ratios (actual data),Percentage of GDP,Units,2008-03-31,F:Free,,A:Normal value,165.0
"BIS,WS_CREDIT_GAP,1.0",Q.CA.P.A.A,Q:Quarterly,CA:Canada,P:Private non-financial sector,A:All sectors,A:Credit-to-GDP ratios (actual data),Percentage of GDP,Units,2008-06-30,F:Free,,A:Normal value,163.9
"BIS,WS_CREDIT_GAP,1.0",Q.CA.P.A.A,Q:Quarterly,CA:Canada,P:Private non-financial sector,A:All sectors,A:Credit-to-GDP ratios (actual data),Percentage of GDP,Units,2008-09-30,F:Free,,A:Normal value,164.2
"BIS,WS_CREDIT_GAP,1.0",Q.CA.P.A.A,Q:Quarterly,CA:Canada,P:Private non-financial sector,A:All sectors,A:Credit-to-GDP ratios (actual data),Percentage of GDP,Units,2008-12-31,F:Free,,A:Normal value,167.4
"BIS,WS_CREDIT_GAP,1.0",Q.CA.P.A.A,Q:Quarterly,CA:Canada,P:Private non-financial sector,A:All sectors,A:Credit-to-GDP ratios (actual data),Percentage of GDP,Units,2009-03-31,F:Free,,A:Normal value,171.0
"BIS,WS_CREDIT_GAP,1.0",Q.CA.P.A.A,Q:Quarterly,CA:Canada,P:Private non-financial sector,A:All sectors,A:Credit-to-GDP ratios (actual data),Percentage of GDP,Units,2009-06-30,F:Free,,A:Normal value,176.7
"BIS,WS_CREDIT_GAP,1.0",Q.CA.P.A.A,Q:Quarterly,CA:Canada,P:Private non-financial sector,A:All sectors,A:Credit-to-GDP ratios (actual data),Percentage of GDP,Units,2009-09-30,F:Free,,A:Normal value,181.8
"BIS,WS_CREDIT_GAP,1.0",Q.CA.P.A.A,Q:Quarterly,CA:Canada,P:Private non-financial sector,A:All sectors,A:Credit-to-GDP ratios (actual data),Percentage of GDP,Units,2009-12-31,F:Free,,A:Normal value,183.2
"BIS,WS_CREDIT_GAP,1.0",Q.CA.P.A.A,Q:Quarterly,CA:Canada,P:Private non-financial sector,A:All sectors,A:Credit-to-GDP ratios (actual data),Percentage of GDP,Units,2010-03-31,F:Free,,A:Normal value,182.0
"BIS,WS_CREDIT_GAP,1.0",Q.CA.P.A.A,Q:Quarterly,CA:Canada,P:Private non-financial sector,A:All sectors,A:Credit-to-GDP ratios (actual data),Percentage of GDP,Units,2010-06-30,F:Free,,A:Normal value,182.2
"BIS,WS_CREDIT_GAP,1.0",Q.CA.P.A.A,Q:Quarterly,CA:Canada,P:Private non-financial sector,A:All sectors,A:Credit-to-GDP ratios (actual data),Percentage of GDP,Units,2010-09-30,F:Free,,A:Normal value,180.9
"BIS,WS_CREDIT_GAP,1.0",Q.CA.P.A.A,Q:Quarterly,CA:Canada,P:Private non-financial sector,A:All sectors,A:Credit-to-GDP ratios (actual data),Percentage of GDP,Units,2010-12-31,F:Free,,A:Normal value,180.0
"BIS,WS_CREDIT_GAP,1.0",Q.CA.P.A.A,Q:Quarterly,CA:Canada,P:Private non-financial sector,A:All sectors,A:Credit-to-GDP ratios (actual data),Percentage of GDP,Units,2011-03-31,F:Free,,A:Normal value,180.3
"BIS,WS_CREDIT_GAP,1.0",Q.CA.P.A.A,Q:Quarterly,CA:Canada,P:Private non-financial sector,A:All sectors,A:Credit-to-GDP ratios (actual data),Percentage of GDP,Units,2011-06-30,F:Free,,A:Normal value,180.3
"BIS,WS_CREDIT_GAP,1.0",Q.CA.P.A.A,Q:Quarterly,CA:Canada,P:Private non-financial sector,A:All sectors,A:Credit-to-GDP ratios (actual data),Percentage of GDP,Units,2011-09-30,F:Free,,A:Normal value,181.6
"BIS,WS_CREDIT_GAP,1.0",Q.CA.P.A.A,Q:Quarterly,CA:Canada,P:Private non-financial sector,A:All sectors,A:Credit-to-GDP ratios (actual data),Percentage of GDP,Units,2011-12-31,F:Free,,A:Normal value,179.4
"BIS,WS_CREDIT_GAP,1.0",Q.CA.P.A.A,Q:Quarterly,CA:Canada,P:Private non-financial sector,A:All sectors,A:Credit-to-GDP ratios (actual data),Percentage of GDP,Units,2012-03-31,F:Free,,A:Normal value,179.9
"BIS,WS_CREDIT_GAP,1.0",Q.CA.P.A.A,Q:Quarterly,CA:Canada,P:Private non-financial sector,A:All sectors,A:Credit-to-GDP ratios (actual data),Percentage of GDP,Units,2012-06-30,F:Free,,A:Normal value,181.7
"BIS,WS_CREDIT_GAP,1.0",Q.CA.P.A.A,Q:Quarterly,CA:Canada,P:Private non-financial sector,A:All sectors,A:Credit-to-GDP ratios (actual data),Percentage of GDP,Units,2012-09-30,F:Free,,A:Normal value,183.7
"BIS,WS_CREDIT_GAP,1.0",Q.CA.P.A.A,Q:Quarterly,CA:Canada,P:Private non-financial sector,A:All sectors,A:Credit-to-GDP ratios (actual data),Percentage of GDP,Units,2012-12-31,F:Free,,A:Normal value,184.8
"BIS,WS_CREDIT_GAP,1.0",Q.CA.P.A.A,Q:Quarterly,CA:Canada,P:Private non-financial sector,A:All sectors,A:Credit-to-GDP ratios (actual data),Percentage of GDP,Units,2013-03-31,F:Free,,A:Normal value,187.1
"BIS,WS_CREDIT_GAP,1.0",Q.CA.P.A.A,Q:Quarterly,CA:Canada,P:Private non-financial sector,A:All sectors,A:Credit-to-GDP ratios (actual data),Percentage of GDP,Units,2013-06-30,F:Free,,A:Normal value,189.3
"BIS,WS_CREDIT_GAP,1.0",Q.CA.P.A.A,Q:Quarterly,CA:Canada,P:Private non-financial sector,A:All sectors,A:Credit-to-GDP ratios (actual data),Percentage of GDP,Units,2013-09-30,F:Free,,A:Normal value,190.1
"BIS,WS_CREDIT_GAP,1.0",Q.CA.P.A.A,Q:Quarterly,CA:Canada,P:Private non-financial sector,A:All sectors,A:Credit-to-GDP ratios (actual data),Percentage of GDP,Units,2013-12-31,F:Free,,A:Normal value,190.3
"BIS,WS_CREDIT_GAP,1.0",Q.CA.P.A.A,Q:Quarterly,CA:Canada,P:Private non-financial sector,A:All sectors,A:Credit-to-GDP ratios (actual data),Percentage of GDP,Units,2014-03-31,F:Free,,A:Normal value,192.0
"BIS,WS_CREDIT_GAP,1.0",Q.CA.P.A.A,Q:Quarterly,CA:Canada,P:Private non-financial sector,A:All sectors,A:Credit-to-GDP ratios (actual data),Percentage of GDP,Units,2014-06-30,F:Free,,A:Normal value,192.4
"BIS,WS_CREDIT_GAP,1.0",Q.CA.P.A.A,Q:Quarterly,CA:Canada,P:Private non-financial sector,A:All sectors,A:Credit-to-GDP ratios (actual data),Percentage of GDP,Units,2014-09-30,F:Free,,A:Normal value,194.1
"BIS,WS_CREDIT_GAP,1.0",Q.CA.P.A.A,Q:Quarterly,CA:Canada,P:Private non-financial sector,A:All sectors,A:Credit-to-GDP ratios (actual data),Percentage of GDP,Units,2014-12-31,F:Free,,A:Normal value,194.1
"BIS,WS_CREDIT_GAP,1.0",Q.CA.P.A.A,Q:Quarterly,CA:Canada,P:Private non-financial sector,A:All sectors,A:Credit-to-GDP ratios (actual data),Percentage of GDP,Units,2015-03-31,F:Free,,A:Normal value,200.4
"BIS,WS_CREDIT_GAP,1.0",Q.CA.P.A.A,Q:Quarterly,CA:Canada,P:Private non-financial sector,A:All sectors,A:Credit-to-GDP ratios (actual data),Percentage of GDP,Units,2015-06-30,F:Free,,A:Normal value,202.7
"BIS,WS_CREDIT_GAP,1.0",Q.CA.P.A.A,Q:Quarterly,CA:Canada,P:Private non-financial sector,A:All sectors,A:Credit-to-GDP ratios (actual data),Percentage of GDP,Units,2015-09-30,F:Free,,A:Normal value,206.5
"BIS,WS_CREDIT_GAP,1.0",Q.CA.P.A.A,Q:Quarterly,CA:Canada,P:Private non-financial sector,A:All sectors,A:Credit-to-GDP ratios (actual data),Percentage of GDP,Units,2015-12-31,F:Free,,A:Normal value,209.3
"BIS,WS_CREDIT_GAP,1.0",Q.CA.P.A.A,Q:Quarterly,CA:Canada,P:Private non-financial sector,A:All sectors,A:Credit-to-GDP ratios (actual data),Percentage of GDP,Units,2016-03-31,F:Free,,A:Normal value,208.5
"BIS,WS_CREDIT_GAP,1.0",Q.CA.P.A.A,Q:Quarterly,CA:Canada,P:Private non-financial sector,A:All sectors,A:Credit-to-GDP ratios (actual data),Percentage of GDP,Units,2016-06-30,F:Free,,A:Normal value,212.1
"BIS,WS_CREDIT_GAP,1.0",Q.CA.P.A.A,Q:Quarterly,CA:Canada,P:Private non-financial sector,A:All sectors,A:Credit-to-GDP ratios (actual data),Percentage of GDP,Units,2016-09-30,F:Free,,A:Normal value,214.4
"BIS,WS_CREDIT_GAP,1.0",Q.CA.P.A.A,Q:Quarterly,CA:Canada,P:Private non-financial sector,A:All sectors,A:Credit-to-GDP ratios (actual data),Percentage of GDP,Units,2016-12-31,F:Free,,A:Normal value,213.8
"BIS,WS_CREDIT_GAP,1.0",Q.CA.P.A.A,Q:Quarterly,CA:Canada,P:Private non-financial sector,A:All sectors,A:Credit-to-GDP ratios (actual data),Percentage of GDP,Units,2017-03-31,F:Free,,A:Normal value,214.5
"BIS,WS_CREDIT_GAP,1.0",Q.CA.P.A.A,Q:Quarterly,CA:Canada,P:Private non-financial sector,A:All sectors,A:Credit-to-GDP ratios (actual data),Percentage of GDP,Units,2017-06-30,F:Free,,A:Normal value,214.3
"BIS,WS_CREDIT_GAP,1.0",Q.CA.P.A.A,Q:Quarterly,CA:Canada,P:Private non-financial sector,A:All sectors,A:Credit-to-GDP ratios (actual data),Percentage of GDP,Units,2017-09-30,F:Free,,A:Normal value,213.7
"BIS,WS_CREDIT_GAP,1.0",Q.CA.P.A.A,Q:Quarterly,CA:Canada,P:Private non-financial sector,A:All sectors,A:Credit-to-GDP ratios (actual data),Percentage of GDP,Units,2017-12-31,F:Free,,A:Normal value,213.6
"BIS,WS_CREDIT_GAP,1.0",Q.CA.P.A.A,Q:Quarterly,CA:Canada,P:Private non-financial sector,A:All sectors,A:Credit-to-GDP ratios (actual data),Percentage of GDP,Units,2018-03-31,F:Free,,A:Normal value,213.8
"BIS,WS_CREDIT_GAP,1.0",Q.CA.P.A.A,Q:Quarterly,CA:Canada,P:Private non-financial sector,A:All sectors,A:Credit-to-GDP ratios (actual data),Percentage of GDP,Units,2018-06-30,F:Free,,A:Normal value,215.9
"BIS,WS_CREDIT_GAP,1.0",Q.CA.P.A.A,Q:Quarterly,CA:Canada,P:Private non-financial sector,A:All sectors,A:Credit-to-GDP ratios (actual data),Percentage of GDP,Units,2018-09-30,F:Free,,A:Normal value,215.0
"BIS,WS_CREDIT_GAP,1.0",Q.CA.P.A.A,Q:Quarterly,CA:Canada,P:Private non-financial sector,A:All sectors,A:Credit-to-GDP ratios (actual data),Percentage of GDP,Units,2018-12-31,F:Free,,A:Normal value,216.1
"BIS,WS_CREDIT_GAP,1.0",Q.CA.P.A.A,Q:Quarterly,CA:Canada,P:Private non-financial sector,A:All sectors,A:Credit-to-GDP ratios (actual data),Percentage of GDP,Units,2019-03-31,F:Free,,A:Normal value,216.9
"BIS,WS_CREDIT_GAP,1.0",Q.CA.P.A.A,Q:Quarterly,CA:Canada,P:Private non-financial sector,A:All sectors,A:Credit-to-GDP ratios (actual data),Percentage of GDP,Units,2019-06-30,F:Free,,A:Normal value,219.5
"BIS,WS_CREDIT_GAP,1.0",Q.CA.P.A.A,Q:Quarterly,CA:Canada,P:Private non-financial sector,A:All sectors,A:Credit-to-GDP ratios (actual data),Percentage of GDP,Units,2019-09-30,F:Free,,A:Normal value,221.2
"BIS,WS_CREDIT_GAP,1.0",Q.CA.P.A.A,Q:Quarterly,CA:Canada,P:Private non-financial sector,A:All sectors,A:Credit-to-GDP ratios (actual data),Percentage of GDP,Units,2019-12-31,F:Free,,A:Normal value,221.2
"BIS,WS_CREDIT_GAP,1.0",Q.CA.P.A.A,Q:Quarterly,CA:Canada,P:Private non-financial sector,A:All sectors,A:Credit-to-GDP ratios (actual data),Percentage of GDP,Units,2020-03-31,F:Free,,A:Normal value,225.8
"BIS,WS_CREDIT_GAP,1.0",Q.CA.P.A.A,Q:Quarterly,CA:Canada,P:Private non-financial sector,A:All sectors,A:Credit-to-GDP ratios (actual data),Percentage of GDP,Units,2020-06-30,F:Free,,A:Normal value,237.6
"BIS,WS_CREDIT_GAP,1.0",Q.CA.P.A.A,Q:Quarterly,CA:Canada,P:Private non-financial sector,A:All sectors,A:Credit-to-GDP ratios (actual data),Percentage of GDP,Units,2020-09-30,F:Free,,A:Normal value,242.0
"BIS,WS_CREDIT_GAP,1.0",Q.CA.P.A.A,Q:Quarterly,CA:Canada,P:Private non-financial sector,A:All sectors,A:Credit-to-GDP ratios (actual data),Percentage of GDP,Units,2020-12-31,F:Free,,A:Normal value,245.0
"BIS,WS_CREDIT_GAP,1.0",Q.CA.P.A.A,Q:Quarterly,CA:Canada,P:Private non-financial sector,A:All sectors,A:Credit-to-GDP ratios (actual data),Percentage of GDP,Units,2021-03-31,F:Free,,A:Normal value,243.8
"BIS,WS_CREDIT_GAP,1.0",Q.CA.P.A.A,Q:Quarterly,CA:Canada,P:Private non-financial sector,A:All sectors,A:Credit-to-GDP ratios (actual data),Percentage of GDP,Units,2021-06-30,F:Free,,A:Normal value,238.3
"BIS,WS_CREDIT_GAP,1.0",Q.CA.P.A.A,Q:Quarterly,CA:Canada,P:Private non-financial sector,A:All sectors,A:Credit-to-GDP ratios (actual data),Percentage of GDP,Units,2021-09-30,F:Free,,A:Normal value,235.7
"BIS,WS_CREDIT_GAP,1.0",Q.CA.P.A.A,Q:Quarterly,CA:Canada,P:Private non-financial sector,A:All sectors,A:Credit-to-GDP ratios (actual data),Percentage of GDP,Units,2021-12-31,F:Free,,A:Normal value,232.9
"BIS,WS_CREDIT_GAP,1.0",Q.CA.P.A.A,Q:Quarterly,CA:Canada,P:Private non-financial sector,A:All sectors,A:Credit-to-GDP ratios (actual data),Percentage of GDP,Units,2022-03-31,F:Free,,A:Normal value,226.7
"BIS,WS_CREDIT_GAP,1.0",Q.CA.P.A.A,Q:Quarterly,CA:Canada,P:Private non-financial sector,A:All sectors,A:Credit-to-GDP ratios (actual data),Percentage of GDP,Units,2022-06-30,F:Free,,A:Normal value,221.1
"BIS,WS_CREDIT_GAP,1.0",Q.CA.P.A.A,Q:Quarterly,CA:Canada,P:Private non-financial sector,A:All sectors,A:Credit-to-GDP ratios (actual data),Percentage of GDP,Units,2022-09-30,F:Free,,A:Normal value,218.6
"BIS,WS_CREDIT_GAP,1.0",Q.CA.P.A.A,Q:Quarterly,CA:Canada,P:Private non-financial sector,A:All sectors,A:Credit-to-GDP ratios (actual data),Percentage of GDP,Units,2022-12-31,F:Free,,A:Normal value,217.2
"BIS,WS_CREDIT_GAP,1.0",Q.CA.P.A.A,Q:Quarterly,CA:Canada,P:Private non-financial sector,A:All sectors,A:Credit-to-GDP ratios (actual data),Percentage of GDP,Units,2023-03-31,F:Free,,A:Normal value,217.8
"BIS,WS_CREDIT_GAP,1.0",Q.CA.P.A.A,Q:Quarterly,CA:Canada,P:Private non-financial sector,A:All sectors,A:Credit-to-GDP ratios (actual data),Percentage of GDP,Units,2023-06-30,F:Free,,A:Normal value,219.1
"BIS,WS_CREDIT_GAP,1.0",Q.CA.P.A.A,Q:Quarterly,CA:Canada,P:Private non-financial sector,A:All sectors,A:Credit-to-GDP ratios (actual data),Percentage of GDP,Units,2023-09-30,F:Free,,A:Normal value,219.8
"BIS,WS_CREDIT_GAP,1.0",Q.CA.P.A.A,Q:Quarterly,CA:Canada,P:Private non-financial sector,A:All sectors,A:Credit-to-GDP ratios (actual data),Percentage of GDP,Units,2023-12-31,F:Free,,A:Normal value,220.3
"BIS,WS_CREDIT_GAP,1.0",Q.CA.P.A.A,Q:Quarterly,CA:Canada,P:Private non-financial sector,A:All sectors,A:Credit-to-GDP ratios (actual data),Percentage of GDP,Units,2024-03-31,F:Free,,A:Normal value,218.8
